year_month_day;No;Yes
2013;1.0;0.0
2014;0.5;0.5
2015;0.42857142857142855;0.5714285714285714
2016;0.2857142857142857;0.7142857142857143
2017;1.0;0.0
2019;0.7857142857142857;0.21428571428571427
2020;0.5813953488372093;0.4186046511627907
2021;0.75;0.25
2022;0.5357142857142857;0.4642857142857143
2023;0.6546593578700078;0.34534064212999216
