year_month_day;No;Yes
2013;1.0;0.0
2014;0.5;0.5
2015;0.42857142857142855;0.5714285714285714
2016;0.25;0.75
2017;1.0;0.0
2019;0.8461538461538461;0.15384615384615385
2020;0.55;0.45
2021;0.84;0.16
2022;0.5777777777777777;0.4222222222222222
2023;0.6581680830972616;0.34183191690273845
